{"cameraMode":{"drawMode":0,"name":"Shaded","section":"Shading Mode"},"sceneLighting":true,"audioPlay":false,"sceneViewState":{"m_AlwaysRefresh":false,"showFog":true,"showSkybox":true,"showFlares":true,"showImageEffects":true,"showParticleSystems":true,"showVisualEffectGraphs":true,"m_FxEnabled":true},"in2DMode":false,"pivot":{"x":-0.34945130348205569,"y":-6.598033905029297,"z":-2.3579530715942385},"rotation":{"x":0.5819476246833801,"y":0.07656937837600708,"z":-0.055138420313596728,"w":0.8077681660652161},"size":7.767025947570801,"orthographic":false}